index,name,role,path,sha256
0,0240.jpg,reference,images/0240.jpg,0376036ab2fdfacb904367eab18456092478925c362d58354ec0923efe900d10
1,0057.jpg,reference,images/0057.jpg,8d549d0d0e8076638332bfb06d7ec20923f611f97d228129c72694a3faad4062
2,0235.jpg,reference,images/0235.jpg,c15641ce76c21daa93ae56ab6e7694df44529a3b3f79fc52d43ac0bd510628a6
3,0111.jpg,reference,images/0111.jpg,92c7666af2b004506cec83205dba95ccf2283160fe6e75e37bee85e63ae18058
4,0281.jpg,reference,images/0281.jpg,04e11c5b1e4b7470990b05888bdcea8a3bfcf8ab0fe1984a9cd95e837f102c1c
5,0043.jpg,reference,images/0043.jpg,e5f8fc195f19681ec2efae9d32f43ce13ca2cbca1ac4cd7d0255ef7d8078e60e
6,0010.jpg,reference,images/0010.jpg,6478eb6282855b85dddd4b0eb90db2f302843220eb176d69a75bdb4c1d8687db
7,0005.jpg,reference,images/0005.jpg,dde2a61872f5106d89f2803efb4abf1f4ccf79da484ccc3cd90b4a2fff4cf70e
8,0191.jpg,reference,images/0191.jpg,2076d97dfe6fb81a057a97b81d615bac2ee6602a5e076f6df8fb466c9c0a4024
9,0219.jpg,reference,images/0219.jpg,18d03838bd3ad639493a21db0a1fc0313c2d514423d1ee93e4731b0f43b6a106
10,0173.jpg,reference,images/0173.jpg,a2bca63d7c2c41ae56a143a6ca91744f1865c60bdaacd8bfc23feee495455a9a
11,0244.jpg,reference,images/0244.jpg,1e90de3419f08c06105065cb4310748e5afe3cb053f130523128396987ca4ecc
12,0024.jpg,reference,images/0024.jpg,83694551194e5a88b734b0e33f65073924a45fc2ec40d536854eeee37dec6a7b
13,0193.jpg,reference,images/0193.jpg,03075cc194042af0347db3be19c0b4b31b1f4e8a1d149499ab31dc39f23fadc7
14,0110.jpg,reference,images/0110.jpg,a7eb73f80463520f2c726725a9bbcd2dc978b99a45b410d6a3aa814be75b7060
15,0050.jpg,doppelganger,images/0050.jpg,58c417f331a69cc3023e7812b7a41ba403eb9011c7016b846390a6d6f44f44d7
16,0093.jpg,doppelganger,images/0093.jpg,63cf1f57222fe74118e5e6d55025c4a56f1c9637f29928bbfbc4b92eeaee4c13
17,0168.jpg,doppelganger,images/0168.jpg,5bf6e8bea7ea1679b7a86d88d28b85cf8f90542838071264c833d4c1e2dc27cc
18,0053.jpg,doppelganger,images/0053.jpg,0e68ea5d12ed1fc07b30ae54a8438fdd9d3fe9a745fa93bdd9eca5e82b1aea4a
19,0108.jpg,doppelganger,images/0108.jpg,8ee59ba5df48ce4b02607c731cd356041acfbd6f3fe2de8c95c025585981fbf0
