index,name,role,m00,m01,m02,m03,m10,m11,m12,m13,m20,m21,m22,m23,m30,m31,m32,m33
0,0024.jpg,reference,-0.44034912168719953,0.3007471170932245,0.8459573408803934,-3.150001783461376,-0.26879351139822316,0.8548506269854809,-0.4438248007634808,0.5259143677315117,-0.8566461925786661,-0.4228257053475397,-0.29559384912042785,1.497727797571485,0.0,0.0,0.0,1.0
1,0005.jpg,reference,-0.08790651578478341,0.3402267682150206,0.9362255020413306,-3.5195421835416463,-0.306811159568873,0.8849250705855018,-0.3503919688195604,0.11561568031394828,-0.9477021456378489,-0.3180461690371492,0.02659468958664562,0.25216715485391933,0.0,0.0,0.0,1.0
2,0015.jpg,reference,-0.27240413515874873,0.3323415109150088,0.9029646212732493,-3.4123992521031106,-0.293491818510134,0.8650311368260969,-0.4069197522718266,0.33101476190165685,-0.9163288381449248,-0.37585935194441983,-0.13809854430765064,0.9089304801232372,0.0,0.0,0.0,1.0
3,0010.jpg,reference,-0.18040729317578127,0.3410309772423669,0.9225784959178829,-3.4874600094273016,-0.29117832848769903,0.877408738680217,-0.38127298134892823,0.22668635548266403,-0.9395043318623374,-0.3374192908662852,-0.05899010563811537,0.5833560272482937,0.0,0.0,0.0,1.0
4,0019.jpg,reference,-0.3600659116841678,0.3256739672179645,0.8742362417101917,-3.3205700486692313,-0.29621059445614834,0.8486920583239886,-0.4381564490792376,0.42219547679859926,-0.8846535044722222,-0.4167232381500983,-0.2091170002910143,1.1830494006227164,0.0,0.0,0.0,1.0
5,0027.jpg,reference,-0.5126166710891307,0.2921278525610116,0.8073942446411103,-3.0493354234487966,-0.251370232501065,0.8480815390050154,-0.4664447549402235,0.5922398402837347,-0.8209976581780597,-0.4420622365199005,-0.36130848911859925,1.695919125915947,0.0,0.0,0.0,1.0
6,0337.jpg,reference,-0.10803078116038964,0.30528873814052976,0.9461121163405734,-3.3971365173895287,-0.31288451187456906,0.8928786587490369,-0.3238378961448671,0.10446322796556709,-0.943627380140534,-0.33100828858970305,-0.000938261172196669,0.3748231460746789,0.0,0.0,0.0,1.0
7,0021.jpg,reference,-0.3889590698699323,0.30434137554983565,0.8695327303180431,-3.2487833124389454,-0.2844296139210598,0.8580738962430305,-0.4275616719387057,0.46738812588512335,-0.876248045185057,-0.4136248490053982,-0.24719192461451378,1.3197974833432884,0.0,0.0,0.0,1.0
8,0017.jpg,reference,-0.31026210777077545,0.3219882724856229,0.8944612774532835,-3.3718395087148276,-0.29629897510551867,0.8612713338579868,-0.412817885787309,0.3768099328674886,-0.903296375412331,-0.39310970715082677,-0.17181506427183982,1.0468649921334645,0.0,0.0,0.0,1.0
9,0013.jpg,reference,-0.23939285820865625,0.3243384958576138,0.9151478566567868,-3.436094748280928,-0.30056331128209063,0.8714991817892388,-0.3874930606499069,0.28857839912791744,-0.9232295247390192,-0.3678229414344733,-0.11114642776381424,0.7771027916975708,0.0,0.0,0.0,1.0
10,0008.jpg,reference,-0.14999022001180046,0.32171288837535716,0.9348816777293241,-3.5005467795111764,-0.3105444097406452,0.8823936491972824,-0.353473644611784,0.18777889231491382,-0.9386506823518774,-0.34333986851149173,-0.03244427855363242,0.4671868754146486,0.0,0.0,0.0,1.0
11,0020.jpg,reference,-0.3461725929413302,0.30826383141399694,0.886080101423251,-3.281168225130487,-0.2845883545973797,0.8654697205848103,-0.4122761588770406,0.44380276543283165,-0.8939653261306236,-0.39488678503187935,-0.21187360072305875,1.2478759524495993,0.0,0.0,0.0,1.0
12,0026.jpg,reference,-0.49775733455179366,0.2894806762455617,0.8175809280923241,-3.0738058991269233,-0.2630226555916281,0.8478821779049082,-0.4603421499675625,0.5677944335263356,-0.8264724548013814,-0.44418098841760706,-0.34589959667934894,1.6262657351833,0.0,0.0,0.0,1.0
13,0016.jpg,reference,-0.29525766191922237,0.31538160446670266,0.9018632693718063,-3.386333566591217,-0.2873138674073701,0.8709440075426962,-0.3986317565383974,0.3550113286436175,-0.9111935330506988,-0.37681690419814806,-0.1665393828411444,0.9754637026208017,0.0,0.0,0.0,1.0
14,0018.jpg,reference,-0.32272996557062067,0.32080543681608903,0.8904657438846391,-3.3402483078260814,-0.27619331966656724,0.867940724424809,-0.41279068431409544,0.39959356659801126,-0.905296978617706,-0.37916061318941874,-0.19150616154963915,1.1141223326385903,0.0,0.0,0.0,1.0
15,0245.jpg,doppelganger,0.998812143686103,-0.020069636539806847,-0.044401703957523304,0.37845862268095554,0.01988651829297998,0.9997918353796263,-0.004562049804778808,-1.1786856955558742,0.04448401977513345,0.0036736354471231204,0.9990033415295703,-3.523130659509523,0.0,0.0,0.0,1.0
16,0185.jpg,doppelganger,0.3879175289239949,-0.2934843669264021,-0.8737201595037797,3.659480726882426,0.3042839818802102,0.9355804211363137,-0.17916621879562536,-0.4731047067430215,0.8700179590816648,-0.19635733232096778,0.4522306368648277,-1.3345141484600698,0.0,0.0,0.0,1.0
17,0284.jpg,doppelganger,0.7802576264998964,0.19852390110184426,0.5931157534411418,-2.1695189217535,-0.19344869412467522,0.9783912288358859,-0.0729945619787017,-0.8833531120845189,-0.5947904160544335,-0.05778290429106044,0.8018014074204933,-2.695925781917479,0.0,0.0,0.0,1.0
18,0235.jpg,doppelganger,0.9701981562175465,-0.08975799618192926,-0.2250756312741969,1.0932732512225436,0.0886317661303116,0.995949633017679,-0.015124104091547023,-1.1528487546254584,0.22552150164606305,-0.0052754728086657045,0.9742239073652164,-3.433750750116715,0.0,0.0,0.0,1.0
19,0239.jpg,doppelganger,0.9855374626571821,-0.05517547329066644,-0.160223521514147,0.8116571123354406,0.056044383110150135,0.998427867645454,0.0009056659176149238,-1.1664068346619905,0.1599216583863677,-0.00987219611345754,0.9870803426889077,-3.4791510101406122,0.0,0.0,0.0,1.0
