sequence,anchor,clean_ids,distractor_ids,add_ids,replace_ids,mean_distractor_pose_distance,mean_distractor_visual_similarity
chess/seq-03,32,25 27 30 32 89 95 104 114 142 223 228 238 250 281 432 517 558 604 616 654 692 754 758 759 913,130 140,25 27 30 32 89 95 104 114 130 140 142 223 228 238 250 281 432 517 558 604 616 654 692 754 758 759 913,25 27 30 32 89 95 104 114 130 140 142 223 228 238 250 281 432 517 558 604 616 654 692 754 758,1.2136329409813849,0.9762625098228455
chess/seq-05,603,6 159 163 203 220 225 284 344 348 429 432 459 558 574 603 665 714 718 733 777 781 825 828 890 980,30 190,6 30 159 163 190 203 220 225 284 344 348 429 432 459 558 574 603 665 714 718 733 777 781 825 828 890 980,6 30 159 163 190 203 220 225 284 344 348 429 432 459 558 574 603 665 714 718 733 777 781 825 828,1.5514837897317388,0.9650451838970184
fire/seq-03,80,44 80 94 99 104 127 270 300 352 367 387 389 470 549 565 618 633 643 747 826 849 867 906 944 996,450 460,44 80 94 99 104 127 270 300 352 367 387 389 450 460 470 549 565 618 633 643 747 826 849 867 906 944 996,44 80 94 99 104 127 270 300 352 367 387 389 450 460 470 549 565 618 633 643 747 826 849 867 906,1.2834951776988879,0.9705195426940918
fire/seq-04,721,46 71 81 103 166 196 233 238 284 296 363 370 373 379 389 464 591 650 677 721 791 854 875 882 887,0 10,0 10 46 71 81 103 166 196 233 238 284 296 363 370 373 379 389 464 591 650 677 721 791 854 875 882 887,0 10 46 71 81 103 166 196 233 238 284 296 363 370 373 379 389 464 591 650 677 721 791 854 875,1.0408669379317277,0.9685364067554474
heads/seq-01,959,73 167 175 214 224 250 273 276 332 388 473 546 570 623 650 655 663 686 699 701 704 718 746 947 959,360 400,73 167 175 214 224 250 273 276 332 360 388 400 473 546 570 623 650 655 663 686 699 701 704 718 746 947 959,73 167 175 214 224 250 273 276 332 360 388 400 473 546 570 623 650 655 663 686 699 701 704 718 959,1.683727795308696,0.9372182190418243
office/seq-02,322,32 57 67 216 217 234 274 322 323 405 410 511 580 671 735 786 794 824 841 863 897 905 935 936 965,980 990,32 57 67 216 217 234 274 322 323 405 410 511 580 671 735 786 794 824 841 863 897 905 935 936 965 980 990,32 57 67 216 217 234 274 322 323 405 410 511 580 671 735 786 794 824 841 863 897 905 935 980 990,1.8907698139219944,0.9596888720989227
office/seq-06,551,48 93 141 142 146 224 252 269 271 370 408 438 469 505 521 551 574 597 598 658 762 764 773 881 919,360 430,48 93 141 142 146 224 252 269 271 360 370 408 430 438 469 505 521 551 574 597 598 658 762 764 773 881 919,48 93 141 142 146 224 252 269 271 360 370 408 430 438 469 505 521 551 574 597 598 658 762 764 773,1.0564880267717642,0.9661574065685272
office/seq-07,257,11 65 112 117 156 163 257 390 394 432 479 541 549 566 610 642 696 698 738 768 811 881 906 965 994,720 900,11 65 112 117 156 163 257 390 394 432 479 541 549 566 610 642 696 698 720 738 768 811 881 900 906 965 994,11 65 112 117 156 163 257 390 394 432 479 541 549 566 610 642 696 698 720 738 768 811 881 900 906,1.9657544477264435,0.9546477198600769
office/seq-09,896,3 108 114 161 182 269 273 300 305 348 445 464 512 519 640 656 736 739 780 787 891 896 934 976 995,660 670,3 108 114 161 182 269 273 300 305 348 445 464 512 519 640 656 660 670 736 739 780 787 891 896 934 976 995,3 108 114 161 182 269 273 300 305 348 445 464 512 519 640 656 660 670 736 739 780 787 891 896 934,1.4818973683313081,0.9649998545646667
pumpkin/seq-01,519,0 19 114 156 165 203 331 371 382 500 519 543 552 613 623 654 780 797 851 861 899 940 944 951 976,650 670,0 19 114 156 165 203 331 371 382 500 519 543 552 613 623 650 654 670 780 797 851 861 899 940 944 951 976,0 19 114 156 165 203 331 371 382 500 519 543 552 613 623 650 654 670 780 797 851 861 899 940 944,1.1685566256190327,0.9620862901210785
pumpkin/seq-07,580,59 70 80 87 128 131 169 245 246 271 314 486 497 540 545 562 580 675 749 778 784 826 835 899 969,350 360,59 70 80 87 128 131 169 245 246 271 314 350 360 486 497 540 545 562 580 675 749 778 784 826 835 899 969,59 70 80 87 128 131 169 245 246 271 314 350 360 486 497 540 545 562 580 675 749 778 784 826 835,1.2479535521829335,0.9561966955661774
redkitchen/seq-03,621,65 123 205 216 230 253 319 382 408 433 448 462 529 552 621 665 687 706 730 747 773 893 921 951 987,190 200,65 123 190 200 205 216 230 253 319 382 408 433 448 462 529 552 621 665 687 706 730 747 773 893 921 951 987,65 123 190 200 205 216 230 253 319 382 408 433 448 462 529 552 621 665 687 706 730 747 773 893 921,1.0846591953456208,0.9448921084403992
redkitchen/seq-04,21,7 21 32 60 69 72 135 219 225 234 235 243 285 338 346 497 526 552 567 602 646 685 724 880 927,650 670,7 21 32 60 69 72 135 219 225 234 235 243 285 338 346 497 526 552 567 602 646 650 670 685 724 880 927,7 21 32 60 69 72 135 219 225 234 235 243 285 338 346 497 526 552 567 602 646 650 670 685 724,1.2605052898646043,0.9720467627048492
redkitchen/seq-06,416,55 96 99 194 248 362 416 420 433 441 478 484 584 590 661 669 674 689 740 746 803 826 884 903 957,490 550,55 96 99 194 248 362 416 420 433 441 478 484 490 550 584 590 661 669 674 689 740 746 803 826 884 903 957,55 96 99 194 248 362 416 420 433 441 478 484 490 550 584 590 661 669 674 689 740 746 803 826 884,1.4094840634424841,0.9615811705589294
redkitchen/seq-12,882,62 77 100 111 143 187 194 196 254 255 285 347 412 432 453 459 473 549 745 819 827 876 882 895 945,110 960,62 77 100 110 111 143 187 194 196 254 255 285 347 412 432 453 459 473 549 745 819 827 876 882 895 945 960,62 77 100 110 111 143 187 194 196 254 255 285 347 412 432 453 459 473 549 745 819 827 876 882 960,1.8715602989754654,0.9664392173290253
redkitchen/seq-14,168,2 15 51 60 95 100 168 170 218 242 388 410 416 492 497 553 563 667 771 856 869 885 924 948 992,350 360,2 15 51 60 95 100 168 170 218 242 350 360 388 410 416 492 497 553 563 667 771 856 869 885 924 948 992,2 15 51 60 95 100 168 170 218 242 350 360 388 410 416 492 497 553 563 667 771 856 869 885 924,1.552595711023802,0.9458094835281372
stairs/seq-01,401,29 31 79 97 111 135 146 151 199 216 232 249 277 284 296 338 356 367 374 376 382 401 474 490 495,160 170,29 31 79 97 111 135 146 151 160 170 199 216 232 249 277 284 296 338 356 367 374 376 382 401 474 490 495,29 31 79 97 111 135 146 151 160 170 199 216 232 249 277 284 296 338 356 367 374 376 382 401 474,1.563189388700386,0.9806696474552155
stairs/seq-04,29,25 29 34 35 41 61 80 95 120 160 206 244 257 260 271 299 304 345 435 436 441 455 470 482 491,440 460,25 29 34 35 41 61 80 95 120 160 206 244 257 260 271 299 304 345 435 436 440 441 455 460 470 482 491,25 29 34 35 41 61 80 95 120 160 206 244 257 260 271 299 304 345 435 436 440 441 455 460 470,1.0280743120153364,0.9554756879806519
