sequence,anchor,clean_ids,distractor_ids,alias_anchor_ids,alias_target_ids,add_ids,replace_ids,mean_distractor_pose_distance,mean_distractor_visual_similarity,fallback_tier
courtyard,29,0 2 6 9 13 15 16 18 19 23 29 30 34 36,,29 15 23 19 36 16 18 9 0 2,19 23 29 36 16 34 9 2 15 18,0 1 2 3 4 5 6 7 8 9 10 11 12 13 14 15 16 17 18 19 20 21 22 23,,0.0,0.0,clean_target
delivery_area,16,3 6 7 9 10 11 16 23 24 25 27 35 36 39,,16 7 3 27 3 7 3 7 10 10,35 3 11 24 10 9 25 23 27 36,0 1 2 3 4 5 6 7 8 9 10 11 12 13 14 15 16 17 18 19 20 21 22 23,,0.0,0.0,clean_target
electro,8,3 4 8 11 17 24 31 32 33 34 36 37 38 42,,8 8 4 42 31 3 36 17 31 38,38 24 32 8 11 17 31 36 3 37,0 1 2 3 4 5 6 7 8 9 10 11 12 13 14 15 16 17 18 19 20 21 22 23,,0.0,0.0,clean_target
facade,35,7 8 9 12 13 21 35 37 42 56 58 66 71 75,,35 56 75 8 21 9 66 8 58 71,37 66 7 35 75 21 12 13 71 42,0 1 2 3 4 5 6 7 8 9 10 11 12 13 14 15 16 17 18 19 20 21 22 23,,0.0,0.0,clean_target
kicker,3,1 2 3 5 8 10 11 17 18 19 21 24 27 29,,3 24 1 29 29 11 2 27 19 17,27 29 5 10 21 1 24 17 11 18,0 1 2 3 4 5 6 7 8 9 10 11 12 13 14 15 16 17 18 19 20 21 22 23,,0.0,0.0,clean_target
meadow,4,0 2 3 4 5 6 7 8 9 10 11 12 13 14,,4 12 11 7 5 11 11 8 14 7,14 4 3 11 9 0 10 2 7 6,0 1 2 3 4 5 6 7 8 9 10 11 12 13 14 15 16 17 18 19 20 21 22 23,,0.0,0.0,clean_target
office,12,0 1 3 4 9 12 13 14 16 17 18 21 23 24,,12 4 24 9 13 13 4 0 14 17,17 9 14 1 21 24 23 4 18 16,0 1 2 3 4 5 6 7 8 9 10 11 12 13 14 15 16 17 18 19 20 21 22 23,,0.0,0.0,clean_target
pipes,13,0 1 2 3 4 5 6 7 8 9 10 11 12 13,,13 7 2 3 0 1 12 3 1 10,6 3 10 7 5 2 4 12 9 8,0 1 2 3 4 5 6 7 8 9 10 11 12 13 14 15 16 17 18 19 20 21 22 23,,0.0,0.0,clean_target
playground,29,1 5 10 11 12 13 16 25 26 29 33 34 35 37,,29 10 26 33 10 35 11 12 12 1,12 13 37 10 25 34 26 1 5 33,0 1 2 3 4 5 6 7 8 9 10 11 12 13 14 15 16 17 18 19 20 21 22 23,,0.0,0.0,clean_target
relief,21,1 5 6 7 9 11 17 21 22 23 25 26 27 28,,21 26 6 11 25 26 21 9 27 21,25 7 22 1 17 6 23 11 26 28,0 1 2 3 4 5 6 7 8 9 10 11 12 13 14 15 16 17 18 19 20 21 22 23,,0.0,0.0,clean_target
relief_2,24,0 1 3 6 7 12 14 16 17 19 24 26 28 30,,24 28 0 26 1 30 26 28 1 28,1 3 19 0 28 6 12 14 24 30,0 1 2 3 4 5 6 7 8 9 10 11 12 13 14 15 16 17 18 19 20 21 22 23,,0.0,0.0,clean_target
terrace,3,2 3 6 7 8 11 12 14 15 16 18 19 20 21,,3 11 15 15 19 11 15 7 3 21,14 12 11 8 21 3 6 2 15 16,0 1 2 3 4 5 6 7 8 9 10 11 12 13 14 15 16 17 18 19 20 21 22 23,,0.0,0.0,clean_target
terrains,12,0 3 5 6 7 12 14 24 26 27 35 36 40 41,,12 12 24 6 35 7 27 36 0 6,35 0 6 7 27 26 5 24 14 3,0 1 2 3 4 5 6 7 8 9 10 11 12 13 14 15 16 17 18 19 20 21 22 23,,0.0,0.0,clean_target
